max_tokens,n,accuracy
128,50,0.040000
256,49,0.040816
512,49,0.081633
1024,49,0.122449
2048,49,0.163265
