max_tokens,n,accuracy
128,50,0.020000
256,50,0.000000
512,49,0.000000
1024,49,0.102041
2048,48,0.125000
