max_tokens,n,accuracy
128,50,0.000000
256,50,0.000000
512,49,0.000000
1024,49,0.040816
2048,48,0.041667
