d_c,n_valid,direct_acc,cot_acc,delta_cot,gain_items,loss_items,tie_items,sign_test_p
0,102,0.22549019607843138,0.4117647058823529,0.18627450980392155,28,9,65,0.0025632079923525453
1,97,0.12371134020618557,0.23711340206185566,0.11340206185567009,14,3,80,0.012725830078125
2,33,0.030303030303030304,0.15151515151515152,0.12121212121212122,5,1,27,0.21875
3,13,0.0,0.0,0.0,0,0,13,nan
4,4,0.0,0.0,0.0,0,0,4,nan
