{
  "n_obs": 1440,
  "arms": [
    "ollama3b",
    "vllm7b",
    "vllm14b",
    "vllm32b"
  ],
  "or_unadjusted": [
    0.24062078587287858,
    0.2064573241277208,
    0.2769333422554406
  ],
  "or_fullcontrol": [
    0.09560828294107203,
    0.06823832889364301,
    0.12521450213673355
  ],
  "or_measured_dc": [
    0.06891075554521493,
    0.036777758939933104,
    0.11747952116583416
  ],
  "reaches_dc3plus_exactgraded": true,
  "ceiling_raised": true,
  "per_arm_or": {
    "ollama3b": [
      3,
      0.009558824369371444,
      0.0005746682286284562,
      0.03639177209887833
    ],
    "vllm7b": [
      7,
      0.12187631759362505,
      0.060277389419842765,
      0.18778755959241422
    ],
    "vllm14b": [
      14,
      0.06394660198967868,
      0.03392125772358245,
      0.10723361222572365
    ],
    "vllm32b": [
      32,
      0.13145130077767728,
      0.07879706666523248,
      0.2021304302297418
    ]
  }
}